-175.86436830,-0.52916132
-176.04459757,-1.29954289
-176.22333601,-2.07027086
-176.40040836,-2.84138556
-176.57566102,-3.61291150
-176.74921973,-4.38482340
-176.92143406,-5.15705508
-177.09119378,-5.92967666
-177.25789202,-6.70273064
-177.42153903,-7.47621393
-177.58215454,-8.25012271
-177.73975827,-9.02445320
-177.89436997,-9.79920157
-178.04600935,-10.57436403
-178.19469616,-11.34993677
-178.34045011,-12.12591599
-178.48329095,-12.90229788
-178.62323840,-13.67907864
-178.76031219,-14.45625446
-178.89453205,-15.23382154
-179.02591771,-16.01177608
-179.15448890,-16.79011426
-179.28026536,-17.56883230
-179.40326682,-18.34792637
-179.52351299,-19.12739268
-179.64102362,-19.90722742
-179.75581844,-20.68742679
-179.86791717,-21.46798698
-179.97733954,-22.24890418
-180.08410529,-23.03017461
-180.18823415,-23.81179444
-180.28974585,-24.59375987
-180.38866011,-25.37606711
-180.48499666,-26.15871234
-180.57877525,-26.94169176
-180.67001560,-27.72500157
-180.75873743,-28.50863796
-180.84496048,-29.29259713
-180.92870448,-30.07687527
-181.00998916,-30.86146858
-181.08883425,-31.64637325
-181.16525949,-32.43158548
-181.23928459,-33.21710147
-181.31092929,-34.00291740
-181.38021333,-34.78902948
-181.44715643,-35.57543391
-181.51177832,-36.36212687
-181.57409873,-37.14910456
-181.63413740,-37.93636318
-181.69191405,-38.72389892
-181.74744841,-39.51170798
-181.80076022,-40.29978655
-181.85186920,-41.08813083
-181.90079509,-41.87673702
-181.94755762,-42.66560131
-181.99217651,-43.45471989
-182.03467150,-44.24408896
-182.07506231,-45.03370472
-182.11336868,-45.82356336
-182.14961034,-46.61366108
-182.18380702,-47.40399408
-182.21597844,-48.19455854
-182.24614435,-48.98535066
-182.27432446,-49.77636665
-182.30053851,-50.56760268
-182.32480623,-51.35905497
-182.34714736,-52.15071971
-182.36758161,-52.94259308
-182.38612873,-53.73467130
-182.40280843,-54.52695054
-182.41764046,-55.31942701
-182.43064454,-56.11209691
-182.44184040,-56.90495642
-182.45124778,-57.69800175
-182.45888640,-58.49122908
-182.46477600,-59.28463462
-182.46893629,-60.07821457
-182.47138703,-60.87196510
-182.47214792,-61.66588243
-182.47123872,-62.45996275
-182.46867914,-63.25420224
-182.46448891,-64.04859712
-182.45868777,-64.84314356
-182.45129545,-65.63783778
-182.44233168,-66.43267596
-182.43181618,-67.22765430
-182.41976870,-68.02276899
-182.40620895,-68.81801624
-182.39115667,-69.61339223
-182.37463159,-70.40889316
-182.35665344,-71.20451523
-182.33724195,-72.00025463
-182.31641685,-72.79610756
-182.29419787,-73.59207021
-182.27060474,-74.38813878
-182.24565720,-75.18430946
-182.21937496,-75.98057845
-182.19177777,-76.77694195
-182.16288535,-77.57339615
-182.13271744,-78.36993724
-182.10129376,-79.16656143
-182.06863404,-79.96326490
-182.03475802,-80.76004385
-181.99968542,-81.55689449
-181.96343598,-82.35381299
-181.92602942,-83.15079556
-181.88748548,-83.94783840
-181.84782388,-84.74493770
-181.80706437,-85.54208965
-181.76522666,-86.33929046
-181.72233048,-87.13653630
-181.67839558,-87.93382339
-181.63344167,-88.73114792
-181.58748850,-89.52850608
-181.54055578,-90.32589407
-181.49266325,-91.12330808
-181.44383064,-91.92074431
-181.39407768,-92.71819895
-181.34342411,-93.51566820
-181.29188964,-94.31314826
-181.23949402,-95.11063532
-181.18625696,-95.90812557
-181.13219821,-96.70561522
-181.07733750,-97.50310045
-181.02169454,-98.30057746
-180.96528908,-99.09804245
-180.90814084,-99.89549162
-180.85026956,-100.69292115
-180.79169496,-101.49032725
-180.73243678,-102.28770611
-180.67251474,-103.08505392
-180.61194858,-103.88236689
-180.55075803,-104.67964120
-180.48896281,-105.47687305
-180.42658266,-106.27405864
-180.36363730,-107.07119416
-180.30014648,-107.86827581
-180.23612991,-108.66529978
-180.17160733,-109.46226227
-180.10659847,-110.25915947
-180.04112306,-111.05598759
-179.97520083,-111.85274281
-179.90885151,-112.64942133
-179.84209483,-113.44601935
-179.77495052,-114.24253305
-179.70743831,-115.03895865
-179.63957793,-115.83529233
-179.57138912,-116.63153028
-179.50289160,-117.42766871
-179.43410510,-118.22370381
-179.36504935,-119.01963177
-179.29574409,-119.81544879
-179.22620904,-120.61115107
-179.15646394,-121.40673480
-179.08652851,-122.20219617
-179.01642249,-122.99753139
-178.94616561,-123.79273664
-178.87577758,-124.58780812
-178.80527816,-125.38274204
-178.73468706,-126.17753457
-178.66402402,-126.97218193
-178.59330877,-127.76668030
-178.52256104,-128.56102588
-178.45180055,-129.35521486
-178.38104704,-130.14924345
-178.31032025,-130.94310783
-178.23963989,-131.73680421
-178.16902570,-132.53032877
-178.09849741,-133.32367771
-178.02807475,-134.11684723
-177.95777746,-134.90983353
-177.88762525,-135.70263279
-177.81763787,-136.49524122
-177.74783504,-137.28765501
-177.67823649,-138.07987035
-177.60886196,-138.87188344
-177.53973117,-139.66369048
-177.47086385,-140.45528767
-177.40227974,-141.24667119
-177.33399856,-142.03783724
-177.26604005,-142.82878202
-177.19842394,-143.61950172
-177.13116995,-144.40999255
-177.06429781,-145.20025068
-176.99782726,-145.99027233
-176.93177803,-146.78005368
-176.86616985,-147.56959094
-176.80102244,-148.35888029
-176.73635555,-149.14791793
-176.67218769,-149.93670025
-176.60819800,-150.72527861
-176.54347724,-151.51380330
-176.47807227,-152.30228300
-176.41186052,-153.09068819
-176.34456754,-153.87900439
-176.27627930,-154.66723445
-176.20728116,-155.45540270
-176.13754111,-156.24350564
-176.06711360,-157.03154750
-175.99595802,-157.81952390
-175.92371905,-158.60740178
-175.85047600,-159.39518683
-175.77691945,-160.18294292
-175.70269809,-160.97063625
-175.62719373,-161.75820797
-175.55124236,-162.54573660
-175.47493737,-163.33323105
-175.39788001,-164.12065219
-175.31993073,-164.90798560
-175.24139243,-165.69526044
-175.16250984,-166.48250086
-175.08309482,-167.26968775
-175.00290677,-168.05679627
-174.92190238,-168.84382120
-174.84028140,-169.63078242
-174.75833566,-170.41770988
-174.67606667,-171.20460361
-174.59340336,-171.99145602
-174.51036319,-172.77826874
-174.42702553,-173.56505000
-174.34332921,-174.35179326
-174.25884991,-175.13845269
-174.17363158,-175.92503254
-174.08812965,-176.71158154
-174.00257445,-177.49812476
-173.91697614,-178.28466327
-173.83113109,-179.07117500
-173.74450981,-179.85760144
-173.65717227,-180.64394877
-173.57033609,-181.43035157
-173.48341760,-182.21674539
-173.39572627,-183.00305324
-173.30760906,-183.78931358
-173.21982803,-184.57561150
-173.13204851,-185.36190960
-173.04392387,-186.14816907
-172.95544022,-186.93438825
-172.86684756,-187.72059513
-172.77842044,-188.50682065
-172.69012128,-189.29306060
-172.60127170,-190.07923842
-172.51222435,-190.86539394
-172.42362263,-191.65159983
-172.33503054,-192.43780679
-172.24602379,-193.22396690
-172.15725321,-194.01015367
-172.06887771,-194.79638503
-171.98046664,-195.58261235
-171.89205824,-196.36883998
-171.80362416,-197.15506472
-171.71516173,-197.94128628
-171.62688928,-198.72752916
-171.53899992,-199.51381499
-171.45121994,-200.30011304
-171.36329929,-201.08639533
-171.27546906,-201.87268781
-171.18823659,-202.65904674
-171.10169282,-203.44548181
-171.01506868,-204.23190803
-170.92832955,-205.01832156
-170.84172273,-205.80474969
-170.75544980,-206.59121450
-170.66961229,-207.37772697
-170.58413595,-208.16427875
-170.49880498,-208.95084636
-170.41317361,-209.73738125
-170.32714340,-210.52387268
-170.24132536,-211.31038727
-170.15589384,-212.09694394
-170.07021192,-212.88347333
-169.98392986,-213.66993718
-169.89733257,-214.45636634
-169.81070053,-215.24279168
-169.72397755,-216.02920701
-169.63694593,-216.81558822
-169.54948612,-217.60192195
-169.46162062,-218.38821043
-169.37336763,-219.17445552
-169.28482970,-219.96066858
-169.19590596,-220.74683810
-169.10631739,-221.53293214
-169.01583845,-222.31892421
-168.92456014,-223.10482380
-168.83301662,-223.89069261
-168.74098618,-224.67650448
-168.64787848,-225.46218950
-168.55370800,-226.24774782
-168.45884464,-227.03322283
-168.36318697,-227.81860135
-168.26681909,-228.60389320
-168.16984296,-229.38911008
-168.07181319,-230.17419618
-167.97252681,-230.95912429
-167.87212982,-231.74391122
-167.77068646,-232.52856347
-167.66814122,-233.31307254
-167.56456151,-234.09744572
-167.45962565,-234.88163859
-167.35316427,-235.66562582
-167.24539234,-236.44943397
-167.13669188,-237.23311384
-167.02703691,-238.01666098
-166.91553608,-238.79994709
-166.80224715,-239.58297706
-166.68781905,-240.36584119
-166.57219060,-241.14852900
-166.45450718,-241.93091016
-166.33514955,-242.71303823
-166.21426102,-243.49493063
-166.09159991,-244.27654717
-165.96730551,-245.05790556
-165.84143965,-245.83901244
-165.71374554,-246.61982239
-165.58409283,-247.40030965
-165.45258622,-248.18048662
-165.31928977,-248.96035977
-165.18418076,-249.73992100
-165.04713388,-250.51914383
-164.90798089,-251.29799344
-164.76651733,-252.07642666
-164.62264574,-252.85441820
-164.47706805,-253.63209267
-164.32958727,-254.40940836
-164.17943931,-255.18621302
-164.02666116,-255.96250482
-163.87240630,-256.73850511
-163.71568085,-257.51400882
-163.55640113,-258.28899335
-163.39521702,-259.06358332
-163.23184135,-259.83771428
-163.06575866,-260.61126871
-162.89726546,-261.38430210
-162.72660495,-262.15685953
-162.55370648,-262.92891934
-162.37858010,-263.70047682
-162.20126334,-264.47153381
-162.02166623,-265.24206311
-161.83946305,-266.01197992
-161.65455465,-266.78125185
-161.46747436,-267.54999839
-161.27815657,-268.31819683
-161.08653047,-269.08582279
-160.89262303,-269.85287578
-160.69628460,-270.61931005
-160.49715651,-271.38502407
-160.29572157,-272.15013489
-160.09212787,-272.91467372
-159.88613103,-273.67856871
-159.67758154,-274.44177077
-159.46647680,-275.20427008
-159.25283810,-275.96606294
-159.03700123,-276.72723646
-158.81899941,-277.48779229
-158.59822239,-278.24754745
-158.37476365,-279.00651797
-158.14901053,-279.76480967
-157.92079608,-280.52236356
-157.68981653,-281.27907947
-157.45642905,-282.03505604
-157.22059615,-282.79027325
-156.98220481,-283.54468685
-156.74122292,-284.29827693
-156.49768918,-285.05104622
-156.25164207,-285.80299776
-156.00303420,-286.55410653
-155.75182293,-287.30434866
-155.49795128,-288.05369470
-155.24137270,-288.80211823
-154.98219438,-289.54964526
-154.72063552,-290.29634318
-154.45641262,-291.04210184
-154.18934711,-291.78684788
-153.91982513,-292.53070816
-153.64782670,-293.27366658
-153.37317079,-294.01564653
-153.09577848,-294.75660823
-152.81550025,-295.49648276
-152.53215518,-296.23518823
-152.24641797,-296.97297193
-151.95839179,-297.70986483
-151.66764339,-298.44568801
-151.37379075,-299.18027708
-151.07704618,-299.91370220
-150.77825245,-300.64629627
-150.47659067,-301.37771190
-150.17155980,-302.10773078
-149.86395277,-302.83666700
-149.55390623,-303.56456926
-149.24086808,-304.29118977
-148.92468237,-305.01644621
-148.60578230,-305.74051344
-148.28452294,-306.46353676
-147.96043168,-307.18529510
-147.63343671,-307.90574266
-147.30363153,-308.62490839
-146.97085354,-309.34270290
-146.63493172,-310.05903159
-146.29661085,-310.77423066
-145.95582003,-311.48825572
-145.61211205,-312.20088132
-145.26528188,-312.91199270
-144.91549717,-313.62165535
-144.56313677,-314.33004231
-144.20840061,-315.03724368
-143.85064546,-315.74292105
-143.48926868,-316.44675191
-143.12519151,-317.14918923
-142.75884086,-317.85044349
-142.38992222,-318.55035025
-142.01795679,-319.24864252
-141.64281057,-319.94523126
-141.26474899,-320.64024213
-140.88379944,-321.33367386
-140.50009183,-322.02558365
-140.11368509,-322.71598946
-139.72434965,-323.40474815
-139.33197128,-324.09177746
-138.93695027,-324.77729138
-138.53929941,-325.46128260
-138.13863038,-326.14351050
-137.73478634,-326.82386375
-137.32795434,-327.50243447
-136.91831603,-328.17931480
-136.50588722,-328.85449844
-136.09059233,-329.52792299
-135.67245691,-330.19958728
-135.25160186,-330.86955190
-134.82748506,-331.53745478
-134.40004414,-332.20323671
-133.96994307,-332.86730244
-133.53722611,-333.52966714
-133.10134771,-334.18995473
-132.66245586,-334.84824434
-132.22088407,-335.50473849
-131.77648171,-336.15932013
-131.32906961,-336.81184830
-130.87857546,-337.46225254
-130.42496809,-338.11048937
-129.96826661,-338.75655001
-129.50860085,-339.40050486
-129.04616271,-340.04247198
-128.58076892,-340.68229934
-128.11224228,-341.31983633
-127.64066467,-341.95511991
-127.16625772,-342.58829329
-126.68905084,-343.21935931
-126.20877648,-343.84809402
-125.72517326,-344.47427156
-125.23838951,-345.09798013
-124.74894241,-345.71960084
-124.25656887,-346.33890599
-123.76102273,-346.95567529
-123.26249627,-347.57003867
-122.76125972,-348.18219257
-122.25698417,-348.79184595
-121.74944614,-349.39878495
-121.23917167,-350.00342640
-120.72663768,-350.60615273
-120.21155195,-351.20670024
-119.69349521,-351.80468699
-119.17236624,-352.39999742
-118.64868750,-352.99306719
-118.12282460,-353.58420032
-117.59429411,-354.17295026
-117.06280069,-354.75902561
-116.52899428,-355.34299682
-115.99302317,-355.92498017
-115.45445171,-356.50455893
-114.91338946,-357.08181273
-114.37012592,-357.65699570
-113.82456787,-358.23000233
-113.27657552,-358.80068166
-112.72626132,-359.36912225
-112.17381859,-359.93549443
-111.61921508,-360.49975087
-111.06239020,-361.06181525
-110.50344544,-361.62177160
-109.94262011,-362.17984430
-109.37998773,-362.73609570
-108.81515358,-363.29011006
-108.24826544,-363.84202377
-107.67965010,-364.39215713
-107.10910549,-364.94028977
-106.53641572,-365.48617991
-105.96206327,-366.03032191
-105.38603293,-366.57268569
-104.80804380,-367.11296263
-104.22842078,-367.65148594
-103.64718157,-368.18826456
-103.06420470,-368.72315515
-102.47959771,-369.25626400
-101.89357864,-369.78781998
-101.30606320,-370.31772181
-100.71690159,-370.84579220
-100.12631477,-371.37226919
-99.53428464,-371.89712156
-98.94054559,-372.42004056
-98.34542264,-372.94138401
-97.74903375,-373.46127822
-97.15157953,-373.97994864
-96.55295605,-374.49726841
-95.95272075,-375.01271762
-95.35108926,-375.52653606
-94.74854314,-376.03928254
-94.14483229,-376.55065558
-93.53975378,-377.06041099
-92.93382231,-377.56915181
-92.32667171,-378.07643641
-91.71854502,-378.58255160
-91.10948566,-379.08754301
-90.49927790,-379.59114673
-89.88808664,-380.09355622
-89.27577810,-380.59460364
-88.66217305,-381.09406189
-88.04759750,-381.59232606
-87.43242095,-382.08984764
-86.81604595,-382.58588434
-86.19797357,-383.07980330
-85.57862044,-383.57211675
-84.95836054,-384.06328613
-84.33698392,-384.55304243
-83.71451164,-385.04140547
-83.09079084,-385.52817286
-82.46572040,-386.01320574
-81.83941469,-386.49664292
-81.21194395,-386.97856693
-80.58285377,-387.45837463
-79.95236997,-387.93634976
-79.32093612,-388.41306996
-78.68831752,-388.88821554
-78.05375991,-389.36076883
-77.41794274,-389.83162711
-76.78084040,-390.30074361
-76.14221833,-390.76778970
-75.50225650,-391.23299835
-74.86114423,-391.69662077
-74.21819436,-392.15769038
-73.57339861,-392.61617556
-72.92741194,-393.07298196
-72.28036753,-393.52828802
-71.63118611,-393.98054148
-70.98029678,-394.43033467
-70.32829739,-394.87851695
-69.67496868,-395.32475830
-69.01966971,-395.76810232
-68.36263686,-396.20887199
-67.70427308,-396.64765232
-67.04436541,-397.08410549
-66.38255701,-397.51767278
-65.71894980,-397.94848150
-65.05358892,-398.37657485
-64.38692260,-398.80263720
-63.71850494,-399.22593984
-63.04798191,-399.64590496
-62.37633193,-400.06406429
-61.70273808,-400.47908355
-61.02693614,-400.89049855
-60.34952004,-401.29925076
-59.67087501,-401.70595825
-58.99033553,-402.10948931
-58.30756532,-402.50923172
-57.62314563,-402.90614700
-56.93731083,-403.30060915
-56.24945708,-403.69154179
-55.55945514,-404.07866843
-54.86786921,-404.46296138
-54.17462540,-404.84425148
-53.47943292,-405.22197990
-52.78245984,-405.59641159
-52.08368295,-405.96746633
-51.38304491,-406.33499418
-50.68064515,-406.69914447
-49.97663673,-407.06017440
-49.27104632,-407.41810286
-48.56387854,-407.77290414
-47.85525252,-408.12478484
-47.14514846,-408.47367251
-46.43342973,-408.81925468
-45.72014908,-409.16160043
-45.00555150,-409.50119246
-44.28930823,-409.83729262
-43.57159337,-410.17024550
-42.85297367,-410.50123727
-42.13292745,-410.82911540
-41.41131171,-411.15352350
-40.68851808,-411.47530057
-39.96473708,-411.79484873
-39.23965489,-412.11143442
-38.51317826,-412.42480559
-37.78569101,-412.73582553
-37.05729467,-413.04470786
-36.32784276,-413.35109103
-35.59723915,-413.65471777
-34.86528907,-413.95508076
-34.13258595,-414.25360744
-33.39910586,-414.55021440
-32.66439948,-414.84377445
-31.92871072,-415.13486240
-31.19219690,-415.42385698
-30.45475898,-415.71048409
-29.71641857,-415.99477945
-28.97737617,-416.27724430
-28.23765927,-416.55793860
-27.49703785,-416.83623672
-26.75551787,-417.11213221
-26.01329182,-417.38612292
-25.27040873,-417.65832662
-24.52667806,-417.92820469
-23.78245486,-418.19672461
-23.03764066,-418.46359701
-22.29202849,-418.72823491
-21.54577482,-418.99105729
-20.79884103,-419.25193947
-20.05150241,-419.51166159
-19.30374112,-419.77016241
-18.55535165,-420.02684016
-17.80637245,-420.28179156
-17.05682880,-420.53507888
-16.30672453,-420.78670055
-15.55616956,-421.03697519
-14.80528435,-421.28625685
-14.05402301,-421.53440286
-13.30236381,-421.78134060
-12.55036816,-422.02725314
-11.79792363,-422.27178707
-11.04487872,-422.51446705
-10.29145148,-422.75595716
-9.53770496,-422.99644828
-8.78357632,-423.23573982
-8.02888618,-423.47325295
-7.27355208,-423.70871109
-6.51789832,-423.94314134
-5.76185426,-424.17630970
-5.00523707,-424.40761085
-4.24806419,-424.63708750
-3.49047431,-424.86518316
-2.73229445,-425.09131050
-1.97344895,-425.31519240
-1.21414625,-425.53752138
-0.45444666,-425.75848798
0.30601256,-425.97682718
1.06712671,-426.19287195
1.82869504,-426.40731145
2.59079910,-426.61983672
3.35362678,-426.82975194
4.11706877,-427.03742117
4.88108644,-427.24296262
5.64573707,-427.44613623
6.41104626,-427.64681533
7.17695381,-427.84519826
7.94341865,-428.04141786
8.71055388,-428.23499845
9.47836967,-428.42586334
10.24681139,-428.61419191
11.01589307,-428.79989001
11.78565452,-428.98274735
12.55600108,-429.16313155
13.32708329,-429.34033252
14.09892480,-429.51420717
14.87122335,-429.68603774
15.64432423,-429.85421573
16.41814898,-430.01904049
17.19255764,-430.18109278
17.96757548,-430.34020862
18.74321521,-430.49626442
19.51951509,-430.64900422
20.29653452,-430.79803663
21.07422270,-430.94354315
21.85247423,-431.08600306
22.63132892,-431.22512944
23.41083240,-431.36057052
24.19093885,-431.49250003
24.97165064,-431.62079352
25.75303452,-431.74493132
26.53500614,-431.86530553
27.31746358,-431.98249804
28.10055613,-432.09533681
28.88428641,-432.20368815
29.66838070,-432.30936086
30.45304807,-432.41068589
31.23828974,-432.50746956
32.02399659,-432.60039631
32.81012490,-432.68968750
33.59671736,-432.77479736
34.38379584,-432.85527647
35.17122870,-432.93222618
35.95895858,-433.00606408
36.74706309,-433.07579257
37.53557030,-433.14080343
38.32435635,-433.20235268
39.11339594,-433.26054585
39.90271569,-433.31481445
40.69230403,-433.36502389
41.48213187,-433.41131902
42.27218323,-433.45360298
43.06241079,-433.49250392
43.85280073,-433.52789352
44.64337152,-433.55901176
45.43405124,-433.58727743
46.22486599,-433.61131545
47.01578981,-433.63167617
47.80678149,-433.64900411
48.59786180,-433.66173251
49.38898538,-433.67158654
50.18014356,-433.67753478
50.97132596,-433.67947107
51.76250754,-433.67836099
52.55367598,-433.67361027
53.34482085,-433.66578066
54.13592217,-433.65443798
54.92695528,-433.63903636
55.71790953,-433.62001167
56.50879427,-433.59828739
57.29958517,-433.57338854
58.09025377,-433.54486171
58.88077944,-433.51261375
59.67114502,-433.47665684
60.46134228,-433.43718734
61.25141667,-433.39530148
62.04132176,-433.35037038
62.83099046,-433.30143418
63.62043296,-433.24898400
64.40966082,-433.19340411
65.19868753,-433.13501881
65.98744732,-433.07315995
66.77591783,-433.00769488
67.56419274,-432.93992232
68.35218304,-432.86891959
69.13984229,-432.79433323
69.92720848,-432.71670882
70.71428924,-432.63624783
71.50098793,-432.55213110
72.28732743,-432.46472160
73.07337905,-432.37475610
73.85912394,-432.28215685
74.64448249,-432.18633121
75.42945415,-432.08738355
76.21395926,-431.98481170
76.99807908,-431.87932674
77.78191847,-431.77178074
78.56539628,-431.66163028
79.34833152,-431.54769307
80.13086897,-431.43104500
80.91303616,-431.31194736
81.69471242,-431.18966643
82.47588243,-431.06419308
83.25667452,-430.93638584
84.03701380,-430.80584840
84.81686499,-430.67242054
85.59627053,-430.53641639
86.37519938,-430.39770717
87.15362099,-430.25618043
87.93156345,-430.11204050
88.70900298,-429.96521528
89.48590357,-429.81556263
90.26234770,-429.66356063
91.03833537,-429.50924287
91.81374011,-429.35202678
92.58855431,-429.19192092
93.36289733,-429.02955413
94.13672197,-428.86473476
94.91005080,-428.69760277
95.68286491,-428.52810881
96.45515000,-428.35621880
97.22692831,-428.18206809
97.99813534,-428.00540530
98.76879146,-427.82635320
99.53890037,-427.64496343
100.30845217,-427.46122353
101.07745952,-427.27521827
101.84586243,-427.08673184
102.61368488,-426.89589505
103.38103330,-426.70315970
104.14791316,-426.50856983
104.91415090,-426.31146646
105.67980643,-426.11211131
106.44483931,-425.91038383
107.20931520,-425.70655177
107.97332319,-425.50097514
108.73665233,-425.29289269
109.49947681,-425.08296473
110.26176144,-424.87108822
111.02341863,-424.65696508
111.78455597,-424.44100221
112.54523588,-424.22343267
113.30530842,-424.00375272
114.06478873,-423.78203135
114.82371563,-423.55842493
115.58198455,-423.33259653
116.33970012,-423.10491955
117.09697019,-422.87576124
117.85352395,-422.64425595
118.60932222,-422.41029014
119.36487660,-422.17553852
120.11961880,-421.93819427
120.87376360,-421.69894937
121.62735392,-421.45797258
122.38016761,-421.21457507
123.13252513,-420.96976969
123.88384575,-420.72180856
124.63449438,-420.47181041
125.38472815,-420.22057700
126.13411464,-419.96682434
126.88271440,-419.71076063
127.63054639,-419.45246248
128.37749187,-419.19161404
129.12364940,-418.92851780
129.86925766,-418.66387012
130.61397105,-418.39671394
131.35765657,-418.12671169
132.10059105,-417.85464531
132.84276069,-417.58050417
133.58374877,-417.30318369
134.32420491,-417.02444417
135.06387271,-416.74362083
135.80225302,-416.45943064
136.53951358,-416.17234582
137.27622629,-415.88385778
138.01175019,-415.59235635
138.74618218,-415.29810928
139.47976401,-415.00175192
140.21227740,-414.70276275
140.94358477,-414.40083755
141.67415086,-414.09711737
142.40352172,-413.79054722
143.13150527,-413.48068874
143.85863178,-413.16882823
144.58451300,-412.85407949
145.30905603,-412.53626297
146.03259468,-412.21616476
146.75517449,-411.89390977
147.47628715,-411.56838341
148.19585232,-411.23945228
148.91434646,-410.90818591
149.63180518,-410.57468513
150.34786709,-410.23819453
151.06245393,-409.89858308
151.77572500,-409.55621581
152.48763327,-409.21102587
153.19823859,-408.86315898
153.90755289,-408.51266890
154.61523112,-408.15888714
155.32148013,-407.80225851
156.02618041,-407.44258258
156.72930314,-407.07982979
157.43108042,-406.71448221
158.13142250,-406.34639063
158.83019098,-405.97532034
159.52730139,-405.60114452
160.22275440,-405.22389704
160.91662065,-404.84373909
161.60898776,-404.46085771
162.29993990,-404.07542887
162.98949203,-403.68750032
163.67745724,-403.29676492
164.36353675,-402.90272726
165.04782929,-402.50559553
165.73077437,-402.10614936
166.41227393,-401.70424365
167.09186692,-401.29912129
167.76957961,-400.89086188
168.44584318,-400.48020598
169.12065927,-400.06717628
169.79378400,-399.65139586
170.46513293,-399.23275382
171.13485636,-398.81151620
171.80291720,-398.38764756
172.46942459,-397.96133928
173.13433801,-397.53254986
173.79736008,-397.10084116
174.45846130,-396.66619769
175.11813436,-396.22938776
175.77620016,-395.79016250
176.43229621,-395.34799869
177.08664026,-394.90324695
177.73948870,-394.45630242
178.39069910,-394.00697484
179.04007494,-393.55499983
179.68754729,-393.10030198
180.33310529,-392.64289014
180.97679117,-392.18284921
181.61921371,-391.72104230
182.26001511,-391.25699289
182.89850583,-390.78976600
183.53535731,-390.32030826
184.17064165,-389.84873204
184.80411639,-389.37472797
185.43572430,-388.89823867
186.06557964,-388.41943543
186.69356494,-387.93818175
187.31952003,-387.45429112
187.94367964,-386.96808587
188.56625779,-386.47985786
189.18707684,-385.98939469
189.80588147,-385.49639239
190.42266051,-385.00085844
191.03763640,-384.50308834
191.65101395,-384.00335017
192.26272474,-383.50157307
192.87244464,-382.99737848
193.48006548,-382.49065689
194.08593078,-381.98183650
194.69019647,-381.47111840
195.29231892,-380.95787462
195.89220470,-380.44201890
196.49026151,-379.92404326
197.08668512,-379.40418848
197.68126802,-378.88222916
198.27387462,-378.35802723
198.86469109,-377.83180846
199.45386065,-377.30374631
200.04125970,-376.77371562
200.62665623,-376.24147382
201.21013602,-375.70713192
201.79204066,-375.17107407
202.37207182,-374.63299099
202.94992608,-374.09256970
203.52594300,-373.55019099
204.10040421,-373.00616469
204.67314665,-372.46032917
205.24397808,-371.91249580
205.81300461,-371.36278736
206.38037904,-370.81137381
206.94562791,-370.25778313
207.50942488,-369.70271108
208.07160876,-369.14600830
208.63153497,-368.58703286
209.18993446,-368.02653306
209.74706814,-367.46477447
210.30233296,-366.90116953
210.85543174,-366.33543775
211.40678467,-365.76800488
211.95670272,-365.19918135
212.50505341,-364.62884625
213.05144059,-364.05663068
213.59590740,-363.48258665
214.13889213,-362.90714103
214.68024432,-362.33015921
215.21995332,-361.75164047
215.75836603,-361.17191413
216.29533830,-360.59085443
216.83016056,-360.00781463
217.36326142,-359.42320014
217.89466138,-358.83703986
218.42435741,-358.24933888
218.95254265,-357.66027993
219.47932322,-357.06996446
220.00454210,-356.47825899
220.52802113,-355.88501390
221.04985427,-355.29032041
221.57030616,-354.69441779
222.08934701,-354.09728536
222.60645577,-353.49848000
223.12218781,-352.89848738
223.63694352,-352.29765751
224.15009414,-351.69545597
224.66104088,-351.09138360
225.17023747,-350.48583497
225.67836208,-349.87938678
226.18552058,-349.27213039
226.69113585,-348.66358831
227.19467449,-348.05332701
227.69640615,-347.44157904
228.19699098,-346.82889246
228.69672342,-346.21551040
229.19510858,-345.60103294
229.69136707,-344.98483698
230.18562613,-344.36703589
230.67852387,-343.74814803
231.17022351,-343.12830825
231.66013822,-342.50705658
232.14846722,-341.88455754
232.63521830,-341.26082382
233.12007080,-340.63561355
233.60297508,-340.00889691
234.08449947,-339.38111949
234.56437874,-338.75208367
235.04224004,-338.12151362
235.51810938,-337.48943864
235.99221853,-336.85604252
236.46441952,-336.22122245
236.93456463,-335.58487852
237.40285528,-334.94716843
237.86952787,-334.30827339
238.33439814,-333.66806565
238.79695652,-333.02618575
239.25726914,-332.38269312
239.71555014,-331.73775225
240.17183631,-331.09139851
240.62604426,-330.44358262
241.07817692,-329.79431686
241.52835325,-329.14369243
241.97630711,-328.49153682
242.42183676,-327.83772194
242.86542235,-327.18258668
243.30671558,-326.52590520
243.74538465,-325.86746794
244.18156258,-325.20737754
244.61561321,-324.54588662
245.04758424,-323.88303571
245.47730152,-323.21872157
245.90457906,-322.55283532
246.32918839,-321.88524477
246.75103593,-321.21590547
247.17057502,-320.54511717
247.58801120,-319.87301714
248.00274740,-319.19924963
248.41463765,-318.52373661
248.82432923,-317.84688838
249.23076642,-317.16808201
249.63436179,-316.48758070
250.03584158,-315.80582989
250.43508598,-315.12276757
250.83136432,-314.43797991
251.22442112,-313.75133824
251.61450658,-313.06300421
252.00203155,-312.37322527
252.38706924,-311.68205507
252.76915490,-310.98924838
253.14816422,-310.29475416
253.52428577,-309.59869134
253.89754459,-308.90108974
254.26778524,-308.20188134
254.63512027,-307.50114184
254.99927009,-306.79874244
255.36030758,-306.09473767
255.71852468,-305.38929390
256.07393545,-304.68243205
256.42631110,-303.97405235
256.77573420,-303.26421163
257.12252631,-302.55308176
257.46689566,-301.84077564
257.80869692,-301.12723354
258.14766117,-300.41233942
258.48383492,-299.69612902
258.81757583,-298.97878134
259.14902569,-298.26037263
259.47788642,-297.54077509
259.80463953,-296.82021757
260.12911368,-296.09863148
260.45093163,-295.37585658
260.77017708,-294.65194178
261.08725367,-293.92707443
261.40232897,-293.20133511
261.71550737,-292.47477495
262.02666505,-291.74734733
262.33549605,-291.01892870
262.64205386,-290.28955055
262.94671962,-289.55938022
263.24982267,-288.82855935
263.55106892,-288.09697175
263.84998083,-287.36442705
264.14757404,-286.63134543
264.44374927,-285.89769007
264.73794873,-285.16324012
265.03006863,-284.42796046
265.32055903,-283.69203565
265.60979718,-282.95561767
265.89764568,-282.21865557
266.18397477,-281.48110165
266.46884589,-280.74298345
266.75221756,-280.00428827
267.03410460,-279.26502534
267.31474646,-278.52528877
267.59434936,-277.78515890
267.87284587,-277.04461201
268.14999745,-276.30356073
268.42584719,-275.56202386
268.70056739,-274.82006776
268.97424903,-274.07772802
269.24694656,-273.33502618
269.51889517,-272.59204972
269.78986085,-271.84871438
270.05991575,-271.10504753
270.32931531,-270.36114307
270.59787290,-269.61693417
270.86516455,-268.87226986
271.13175337,-268.12735341
271.39807001,-267.38233976
271.66391004,-266.63715588
271.92901804,-265.89171124
272.19355179,-265.14606268
272.45780517,-264.40031455
272.72143287,-263.65434528
272.98412648,-262.90804635
273.24686363,-262.16176280
273.50954037,-261.41545800
273.77186038,-260.66902775
274.03380121,-259.92246431
274.29538714,-259.17577646
274.55640069,-258.42888838
274.81725997,-257.68194632
275.07779931,-256.93489271
275.33779911,-256.18765107
275.59776499,-255.44039767
275.85789699,-254.69320192
276.11718481,-253.94571321
276.37579716,-253.19799013
276.63462712,-252.45034252
276.89336598,-251.70266334
277.15135960,-250.95472669
277.40849356,-250.20649406
277.66541857,-249.45818966
277.92243570,-248.70991691
278.17861155,-247.96135574
278.43428452,-247.21262257
278.68965208,-246.46378526
278.94458022,-245.71479823
279.19901482,-244.96564339
279.45314400,-244.21638490
279.70703085,-243.46704423
279.96040321,-242.71752949
280.21305567,-241.96777173
280.46513356,-241.21782061
280.71680292,-240.46773232
280.96803377,-239.71749697
281.21858990,-238.96703613
281.46869328,-238.21642420
281.71890206,-237.46584742
281.96827958,-236.71499402
282.21647404,-235.96374878
282.46407556,-235.21230782
282.71157697,-234.46083398
282.95864406,-233.70921724
283.20551517,-232.95753588
283.45145503,-232.20554973
283.69618312,-231.45316795
283.94053391,-230.70066374
284.18499876,-229.94819643
284.42835648,-229.19537072
284.67072983,-228.44222701
284.91284118,-227.68899934
285.15461312,-226.93566257
285.39555070,-226.18205850
285.63541239,-225.42811139
285.87457556,-224.67394232
286.11348812,-223.91969387
286.35198705,-223.16531449
286.58943605,-222.41060405
286.82594975,-221.65559989
287.06195037,-220.90043523
287.29751117,-220.14513328
287.53227956,-219.38958463
287.76622332,-218.63378023
287.99934905,-217.87772312
288.23165364,-217.12141330
288.46313619,-216.36485148
288.69379957,-215.60803950
288.92374100,-214.85100791
289.15329840,-214.09385967
289.38227323,-213.33653518
289.61002170,-212.57884085
289.83660276,-211.82079668
290.06255820,-211.06256582
290.28827075,-210.30426245
290.51329999,-209.54575631
290.73694938,-208.78684196
290.95993130,-208.02773124
291.18277223,-207.26857924
291.40526446,-206.50932481
291.62677512,-205.74978356
291.84704022,-204.98988012
292.06682313,-204.22983706
292.28650612,-203.46976510
292.50564856,-202.70953724
292.72386623,-201.94904328
292.94174400,-201.18845197
293.15974291,-200.42789504
293.37665105,-199.66702709
293.59246763,-198.90584802
293.80850936,-198.14473315
294.02453516,-197.38361372
294.23992863,-196.62231508
294.45443917,-195.86076722
294.66843255,-195.09907386
294.88249159,-194.33739896
295.09654230,-193.57572164
295.30977526,-192.81381519
295.52225615,-192.05169842
295.73477706,-191.28959295
295.94755759,-190.52755987
296.15956561,-189.76531161
296.37117747,-189.00295312
296.58286006,-188.24061438
296.79457618,-187.47828491
297.00615431,-186.71591713
297.21729514,-185.95342811
297.42774340,-185.19074764
297.63824776,-184.42808278
297.84940790,-183.66559908
298.06016910,-182.90300505
298.27053147,-182.14030090
298.48100150,-181.37762648
298.69158143,-180.61498238
298.90193497,-179.85227581
299.11231986,-179.08957788
299.32267949,-178.32687299
299.53307522,-177.56417806
299.74361059,-176.80152166
299.95414141,-176.03886400
300.16443656,-175.27614128
300.37526106,-174.51356485
300.58637392,-173.75106807
300.79729482,-172.98851820
301.00855130,-172.22606123
301.22023228,-171.46372197
301.43145413,-170.70125544
301.64271967,-169.93880109
301.85494626,-169.17661348
302.06737868,-168.41448331
302.27978594,-167.65234615
302.49243596,-166.89027664
302.70564536,-166.12836348
302.91920784,-165.36654920
303.13252398,-164.60466586
303.34654728,-163.84298103
303.56132792,-163.08150918
303.77621863,-162.32006853
303.99102865,-161.55860508
304.20630091,-160.79727218
304.42210299,-160.03608928
304.63828785,-159.27501502
304.85468332,-158.51400061
305.07121266,-157.75302429
305.28810026,-156.99214995
305.50562962,-156.23145892
305.72350812,-155.47086775
305.94139595,-154.71027929
306.15951316,-153.94975656
306.37788111,-153.18930580
306.59649374,-152.42892533
306.81537416,-151.66862192
307.03440283,-150.90836119
307.25343056,-150.14810015
307.47314748,-149.38803814
307.69323578,-148.62808341
307.91309982,-147.86806388
308.13284609,-147.10801026
308.35312323,-146.34811031
308.57401733,-145.58838949
308.79505320,-144.82870991
309.01589503,-144.06897388
309.23672324,-143.30923391
309.45784381,-142.54957897
309.67934606,-141.79003525
309.90100136,-141.03053616
310.12254364,-140.27100410
310.34401965,-139.51145272
310.56579216,-138.75198785
310.78789820,-137.99262046
311.01007856,-137.23327481
311.23216461,-136.47390157
311.45427870,-135.71453654
311.67639244,-134.95517140
311.89849843,-134.19580399
312.12073673,-133.43647530
312.34326439,-132.67723135
312.56594174,-131.91803129
312.78826831,-131.15872845
313.01067890,-130.39945022
313.23335211,-129.64024894
313.45578292,-128.88097662
313.67808661,-128.12166705
313.90067772,-127.36244173
314.12360016,-126.60331356
314.34638422,-125.84414485
314.56858503,-125.08480517
314.79058160,-124.32540575
315.01271581,-123.56604662
315.23501728,-122.80673641
315.45727190,-122.04741249
315.67935736,-121.28803909
315.90158164,-120.52870627
316.12349913,-119.76928381
316.34508686,-119.00976497
316.56690644,-118.25031386
316.78906253,-117.49096110
317.01081453,-116.73149026
317.23202140,-115.97186043
317.45302628,-115.21217183
317.67405799,-114.45249104
317.89498768,-113.69278057
318.11582379,-112.93304289
318.33681524,-112.17335038
318.55777119,-111.41364756
318.77813057,-110.65377145
318.99803250,-109.89376285
319.21771904,-109.13369196
319.43741697,-108.37362438
319.65724364,-107.61359399
319.87698147,-106.85353791
320.09606128,-106.09329197
320.31513066,-105.33304297
320.53430152,-104.57282321
320.75305774,-103.81248405
320.97142750,-103.05203381
321.18991108,-102.29161622
321.40806903,-101.53110525
321.62593914,-100.77051167
321.84391400,-100.00994815
322.06147602,-99.24926642
322.27864356,-98.48847196
322.49592421,-97.72770982
322.71320283,-96.96694711
322.92983115,-96.20599892
323.14597023,-95.44491165
323.36208068,-94.68381627
323.57817224,-93.92271548
323.79387089,-93.16150330
324.00912723,-92.40016589
324.22467561,-91.63891113
324.44000100,-90.87759326
324.65473897,-90.11610948
324.86907199,-89.35451162
325.08322392,-88.59286284
325.29728172,-87.83118760
325.51121298,-87.06947676
325.72471126,-86.30764453
325.93769397,-85.54566794
326.15066041,-84.78368682
326.36355440,-84.02168543
326.57599072,-83.25955639
326.78793541,-82.49729041
326.99977584,-81.73499549
327.21166203,-80.97271326
327.42298483,-80.21027470
327.63361931,-79.44764563
327.84398416,-78.68494218
328.05434160,-77.92223668
328.26436653,-77.15943957
328.47440531,-76.39664622
328.68413277,-75.63376730
328.89310926,-74.87068223
329.10166784,-74.10748289
329.31022279,-73.34428254
329.51846811,-72.58099768
329.72630059,-71.81760025
329.93380133,-71.05411263
330.14086137,-70.29050535
330.34776417,-69.52685548
330.55458872,-68.76318428
330.76079692,-67.99934666
330.96630132,-67.23531921
331.17209726,-66.47137025
331.37720846,-65.70723730
331.58159828,-64.94291088
331.78598140,-64.17858277
331.99040385,-63.41426517
332.19400163,-62.64972753
332.39768056,-61.88521144
332.60142216,-61.12071208
332.80477242,-60.35610851
333.00791082,-59.59144865
333.21094055,-58.82675989
333.41349661,-58.06194557
333.61610645,-57.29714553
333.81919278,-56.53247179
334.02209150,-55.76774828
334.22467345,-55.00294081
334.42715582,-54.23810695
334.62968949,-53.47328669
334.83217455,-52.70845355
335.03454539,-51.94359017
335.23741549,-51.17885911
335.44061919,-50.41421656
335.64372894,-49.64954907
335.84690132,-48.88489824
336.05071313,-48.12041760
336.25446780,-47.35592169
336.45836651,-46.59146424
336.66264254,-45.82710749
336.86690785,-45.06274789
337.07131877,-44.29842708
337.27671924,-43.53437192
337.48239075,-42.77038939
337.68796932,-42.00638202
337.89450840,-41.24263363
338.10146841,-40.47899922
338.30837920,-39.71535143
338.51575818,-38.95183085
338.72399038,-38.18854229
338.93255313,-37.42534406
339.14180825,-36.66233543
339.35170885,-35.89950405
339.56207672,-35.13680140
339.77302398,-34.37425883
339.98473427,-33.61192778
340.19672098,-32.84967335
340.40958249,-32.08766310
340.62367424,-31.32599724
340.83843456,-30.56451979
341.05351098,-29.80313154
341.26925475,-29.04193204
341.48614042,-28.28105724
341.70420408,-27.52051907
341.92300234,-26.76019200
342.14219603,-25.99997886
342.36210315,-25.23997159
342.58335551,-24.48035518
342.80597812,-23.72113891
343.02927192,-22.96211994
343.25322137,-22.20329411
343.47823033,-21.44478179
343.70454037,-20.68665664
343.93203295,-19.92888547
344.16050048,-19.17140768
344.39013147,-18.41428182
344.62098267,-17.65752709
344.85296216,-16.90111745
345.08606170,-16.14505225
345.32047512,-15.38939331
345.55620545,-14.63414434
345.79266341,-13.87912257
346.02984736,-13.12432888
346.26831649,-12.36994003
346.50772544,-11.61584896
346.74791979,-10.86200769
346.98893180,-10.10842752
347.23065058,-9.35507362
347.47303101,-8.60193239
347.71669605,-7.84920590
347.96130581,-7.09678569
348.20628557,-6.34448603
348.45147494,-5.59225459
348.69721308,-4.84020221
348.94391041,-4.08846409
349.19095294,-3.33683909
349.43843149,-2.58535782
349.68683879,-1.83418283
349.93560120,-1.08312544
350.18426221,-0.33203449
350.43315889,0.41897839
350.68257144,1.16982014
350.93228704,1.92056114
351.18208851,2.67127357
351.43214194,3.42190212
351.68254219,4.17241504
351.93309955,4.92287552
352.18354942,5.67337188
352.43397110,6.42387765
352.68455976,7.17432769
352.93499048,7.92483042
353.18491275,8.67550267
353.43458869,9.42625686
353.68451926,10.17692630
353.93442914,10.92760266
354.18403863,11.67837895
354.43329989,12.42927092
354.68217413,13.18029126
354.93078458,13.93139893
355.17909609,14.68260562
355.42665266,15.43406120
355.67336799,16.18579358
355.92009493,16.93752209
356.16645160,17.68937203
356.41203782,18.44147397
356.65685664,19.19382611
356.90108495,19.94637010
357.14472025,20.69910630
357.38758012,21.45209312
357.62935338,22.20542938
357.87015760,22.95907608
358.11051240,23.71286614
358.35026327,24.46684884
358.58846314,25.22132221
358.82581157,25.97606470
359.06284075,26.73090697
359.29829144,27.48624335
359.53243248,28.24198666
359.76564455,28.99801737
359.99758081,29.75443994
360.22816131,30.51127734
360.45817472,31.26828720
360.68670229,32.02574671
360.91357334,32.78370431
361.13920973,33.54203026
361.36384211,34.30065418
361.58741514,35.05959091
361.81020344,35.81875866
362.03170769,36.57830162
362.25162899,37.33830481
362.47050420,38.09860973
362.68879568,38.85908245
362.90643774,39.61974137
363.12303175,40.38069926
363.33838170,41.14201026
363.55275432,41.90359698
363.76646658,42.66536927
363.97942569,43.42735251
364.19133872,44.18962720
364.40229563,44.95216718
364.61279670,45.71483307
364.82262590,46.47768404
365.03174433,47.24073022
365.24016125,48.00396828
365.44778457,48.76742261
365.65459670,49.53109707
365.86089000,50.29491184
366.06695799,51.05878747
366.27261046,51.82277500
366.47742861,52.58698669
366.68156698,53.35138020
366.88541924,54.11585013
367.08879471,54.88044689
367.29179947,55.64514232
367.49475435,56.40985094
367.69665816,57.17483763
367.89792529,57.93999232
368.09962659,58.70503249
368.30147004,59.47003510
368.50208922,60.23535981
368.70272171,61.00068106
368.90362251,61.76593185
369.10438898,62.53121791
369.30475914,63.29660783
369.50482350,64.06207774
369.70491130,64.82754152
369.90504346,65.59299370
370.10515707,66.35845073
370.30526966,67.12390803
370.50538169,67.88936548
370.70549195,68.65482339
370.90563213,69.42027348
371.10572007,70.18573722
371.30575057,70.95121597
371.50616296,71.71659484
371.70704922,72.48184946
371.90821358,73.24703104
372.10953287,74.01217185
372.31095689,74.77728511
372.51217919,75.54245144
372.71382047,76.30750747
372.91634120,77.07233117
373.11950977,77.83698304
373.32273972,78.60161858
373.52581135,79.36629626
373.72952309,80.13080346
373.93411240,80.89507652
374.13907910,81.65924833
374.34428645,82.42335556
374.55002239,83.18732070
374.75660082,83.95105835
374.96359133,84.71468450
375.17042985,85.47835180
375.37767169,86.24190976
375.58534231,87.00535118
375.79335062,87.76870080
376.00204414,88.53186317
376.21161785,89.29478442
376.42104317,90.05774641
376.63069610,90.82064583
376.84065860,91.58346014
377.05060516,92.34627888
377.26079296,93.10903119
377.47204947,93.87148804
377.68327887,94.63395256
377.89444914,95.39643334
378.10630785,96.15872325
378.31834992,96.92096211
378.53020840,97.68325205
378.74239912,98.44544947
378.95487643,99.20756718
379.16737293,99.96967947
379.38061255,100.73158416
379.59407868,101.49342549
379.80728734,102.25533886
380.02056977,103.01723155
380.23434193,103.77898704
380.44797579,104.54078131
380.66184347,105.30250994
380.87608594,106.06413329
381.09040865,106.82573403
381.30457517,107.58737871
381.51873701,108.34902476
381.73341356,109.11052580
381.94813994,109.87201281
382.16240854,110.63362882
382.37681109,111.39520711
382.59163406,112.15666688
382.80650208,112.91811397
383.02121754,113.67960409
383.23600279,114.44107453
383.45094605,115.20250039
383.66546386,115.96404617
383.87954995,116.72571355
384.09387094,117.48731470
384.30879802,118.24874515
384.52356223,119.01022156
384.73773025,119.77186578
384.95184268,120.53352567
385.16634613,121.29507557
385.38080400,122.05663828
385.59463263,122.81837787
385.80864098,123.58006702
386.02259387,124.34177169
386.23596318,125.10364014
386.44919978,125.86554570
386.66252240,126.62742717
386.87574498,127.38933665
387.08872052,128.15131523
387.30146856,128.91335735
387.51400422,129.67545874
387.72623971,130.43764378
387.93829898,131.19987783
388.15031842,131.96212305
388.36200029,132.72446201
388.57279024,133.48704805
388.78349051,134.24965896
388.99395839,135.01233397
389.20372005,135.77520355
389.41288732,136.53823631
389.62180771,137.30133673
389.83023329,138.06457235
390.03828575,138.82790991
390.24585568,139.59137869
390.45236160,140.35513606
390.65795668,141.11913906
390.86314091,141.88325257
391.06780578,142.64750523
391.27166464,143.41197340
391.47485073,144.17662061
391.67730600,144.94146165
391.87890814,145.70652804
392.07963818,146.47182360
392.27972381,147.23728802
392.47923632,148.00290215
392.67702151,148.76896379
392.87371006,149.53530834
393.06998481,150.30175873
393.26529953,151.06845431
393.45902758,151.83555219
393.65212628,152.60280933
393.84400613,153.37037127
394.03428991,154.13833124
394.22383855,154.90647262
394.41258474,155.67481172
394.59975944,156.44353508
394.78508919,157.21270531
394.96921238,157.98216536
395.15275271,158.75176456
395.33477919,159.52172325
395.51502638,160.29210034
395.69398985,161.06277689
395.87186323,161.83370550
396.04809229,162.60501178
396.22275934,163.37667331
396.39598101,164.14866054
396.56769150,164.92098533
396.73770261,165.69368598
396.90589033,166.46678557
397.07241275,167.24024551
397.23753731,168.01400518
397.40122228,168.78807057
397.56311468,169.56251293
397.72299481,170.33737323
397.88090104,171.11263814
398.03699567,171.88826992
398.19130957,172.66425785
398.34372981,173.44062000
398.49427556,174.21734780
398.64292502,174.99444082
398.78965631,175.77189804
398.93463349,176.54968466
399.07780185,177.32780628
399.21807605,178.10645414
399.35629943,178.88546957
399.49303177,179.66474781
399.62751816,180.44441653
399.75915731,181.22457099
399.88952334,182.00493976
400.01828740,182.78557381
400.14455520,183.56661588
400.26832156,184.34805822
400.39017251,185.12980136
400.51067268,185.91175396
400.62959525,186.69394802
400.74636010,187.47646703
400.86078160,188.25933224
400.97335084,189.04246584
401.08455853,189.82579385
401.19442719,190.60931111
401.30236696,191.39309601
401.40789001,192.17721021
401.51178460,192.96154186
401.61427390,193.74605819
401.71526976,194.53076824
401.81475365,195.31567144
401.91272026,196.10076546
402.00886174,196.88608508
402.10312777,197.67163196
402.19595680,198.45735000
402.28777082,199.24318725
402.37826394,200.02917790
402.46671101,200.81540088
402.55378430,201.60177791
402.63983291,202.38826715
402.72437531,203.17492000
402.80756777,203.96171667
402.88961731,204.74863337
402.97036004,205.53568529
403.04943778,206.32290611
403.12693153,207.11028451
403.20370284,207.89773367
403.27953369,208.68527402
403.35389607,209.47295410
403.42708208,210.26074470
403.49972848,211.04858513
403.57075109,211.83657336
403.64050632,212.62467519
403.70955311,213.41283915
403.77776957,214.20107545
403.84473842,214.98941878
403.91049074,215.77786443
403.97544152,216.56637661
404.03963126,217.35495101
404.10275066,218.14361186
404.16482457,218.93235565
404.22618756,219.72115513
404.28683441,220.51000987
404.34678079,221.29891827
404.40605953,222.08787706
404.46422653,222.87691863
404.52130385,223.66603970
404.57794945,224.45519199
404.63425430,225.24436851
404.68964559,226.03360978
404.74461820,226.82288031
404.79922960,227.61217591
404.85315509,228.40151866
404.90615868,229.19092387
404.95843007,229.98037788
405.01044594,230.76984878
405.06200252,231.55934980
405.11276832,232.34890206
405.16271888,233.13850633
405.21203770,233.92815028
405.26073379,234.71783300
405.30835348,235.50758114
405.35487765,236.29739478
405.40072924,237.08724765
405.44575316,237.87714829
405.48921583,238.66713605
405.53131470,239.45719805
405.57248824,240.24730856
405.61264582,241.03747143
405.65155145,241.82769697
405.68900451,242.61799262
405.72499235,243.40835648
405.75950943,244.19878581
405.79253881,244.98927874
405.82434615,245.77982179
405.85457559,246.57042699
405.88260780,247.36111261
405.90862471,248.15186765
405.93348603,248.94265971
405.95628222,249.73351374
405.97691055,250.52442765
405.99570510,251.31538714
406.01262640,252.10638887
406.02727519,252.89743601
406.03970343,253.68852114
406.05006337,254.47963613
406.05823988,255.27077662
406.06392206,256.06193905
406.06706468,256.85311550
406.06805692,257.64429777
406.06683361,258.43547962
406.06293101,259.22665279
406.05604589,260.01780574
406.04639585,260.80892959
406.03423702,261.60001939
406.01922659,262.39105933
406.00127491,263.18203880
405.98091309,263.97295955
405.95760395,264.76379905
405.93085764,265.55452973
405.90067141,266.34513664
405.86738296,267.13561897
405.83120114,267.92597418
405.79178731,268.71617466
405.74903379,269.50620173
405.70293817,270.29604075
405.65334911,271.08566819
405.59998050,271.87504940
405.54269239,272.66415518
405.48203984,273.45301046
405.41810616,274.24160582
405.35016896,275.02986685
405.27804744,275.81775557
405.20231478,276.60530636
405.12275015,277.39247806
405.03891048,278.17920681
404.95092928,278.96548287
404.85884315,279.75128878
404.76268219,280.53660632
404.66246739,281.32141729
404.55796991,282.10566906
404.44884953,282.88929115
404.33553412,283.67231777
404.21818835,284.45475031
404.09672738,285.23655457
403.97109954,286.01770023
403.84134686,286.79817140
403.70735149,287.57792492
403.56941905,288.35699214
403.42782921,289.13540258
403.28253391,289.91313000
403.13343200,290.69013660
402.98055774,291.46640983
402.82393946,292.24193641
402.66353435,293.01668845
402.49938625,293.79065617
402.33182126,294.56389118
402.16084738,295.33638020
401.98606905,296.10801601
401.80773491,296.87883918
401.62661843,297.64901279
401.44175481,298.41829514
401.25330822,299.18670823
401.06189806,299.95438848
400.86749996,300.72131709
400.66956599,301.48734090
400.46859096,302.25257282
400.26467755,303.01702649
400.05774013,303.78066738
399.84779616,304.54348711
399.63482081,305.30546616
399.41878030,306.06658140
399.20004348,306.82692683
398.97864368,307.58650040
398.75428655,308.34520611
398.52733051,309.10313826
398.29797340,309.86034759
398.06586283,310.61671691
397.83079776,311.37217374
397.59313053,312.12681573
397.35309109,312.88070645
397.11083473,313.63388779
396.86631284,314.38633666
396.61928704,315.13796722
396.36957073,315.88870826
396.11741073,316.63863177
395.86338911,317.38792718
395.60734830,318.13653459
395.34868560,318.88424038
395.08760463,319.63110486
394.82510124,320.37747133
394.56057846,321.12312328
394.29364280,321.86791598
394.02478762,322.61201738
393.75397869,323.35541006
393.48125767,324.09810324
393.20692259,324.84020211
392.93089144,325.58167132
392.65280572,326.32237270
392.37304266,327.06244215
392.09171174,327.80191692
391.80877335,328.54077815
391.52422005,329.27901899
391.23803561,330.01662903
390.95004545,330.75353590
390.66033313,331.48976737
390.36929985,332.22547772
390.07710370,332.96072697
389.78319433,333.69529329
389.48702844,334.42895202
389.18951412,335.16206607
388.89063727,335.89462462
388.58949218,336.62625436
388.28640588,337.35708182
387.98193750,338.08733443
387.67612427,338.81702545
387.36826790,339.54585594
387.05800057,340.27366399
386.74640162,341.00090287
386.43311587,341.72741647
386.11761419,342.45297063
385.79986091,343.17754163
385.48014586,343.90124904
385.15866068,344.62417179
384.83538079,345.34629406
384.50992984,346.06744004
384.18212759,346.78752065
383.85235724,347.50670185
383.52083312,348.22507636
383.18725344,348.94249886
382.85117480,349.65875368
382.51266783,350.37386452
382.17229068,351.08808698
381.82958948,351.80119701
381.48446588,352.51313795
381.13724533,353.22405872
380.78800609,353.93398974
380.43620056,354.64265269
380.08171049,355.34997673
379.72462137,356.05599190
379.36525273,356.76084975
379.00387023,357.46467702
378.64004706,358.16724631
378.27328772,358.86828595
377.90424691,359.56812941
377.53303049,360.26681928
377.15862641,360.96380718
376.78176656,361.65947045
376.40249953,362.35382398
376.02043300,363.04664089
375.63548577,363.73786176
375.24797750,364.42764997
374.85780289,365.11593329
374.46498972,365.80271450
374.06950625,366.48796128
373.67118146,367.17156048
373.26990142,367.85342913
372.86567449,368.53355487
372.45857662,369.21196618
372.04863533,369.88866296
371.63582346,370.56361249
371.22011572,371.23678243
370.80132812,371.90804040
370.37949825,372.57739102
369.95472806,373.24487951
369.52692761,373.91042998
369.09594852,374.57392615
368.66212226,375.23556500
368.22538518,375.89528529
367.78543556,376.55286807
367.34229653,377.20830565
366.89618255,377.86172192
366.44726097,378.51321250
365.99550780,379.16274287
365.54074834,379.81017191
365.08289501,380.45541664
364.62222196,381.09865167
364.15869785,381.73983450
363.69238191,382.37899037
363.22348390,383.01625407
362.75193393,383.65155810
362.27754316,384.28474357
361.80031446,384.91579293
361.32033351,385.54475159
360.83754405,386.17155693
360.35182208,386.79609209
359.86372873,387.41877655
359.37330156,388.03962381
358.88018358,388.65833629
358.38431493,389.27484642
357.88598677,389.88937042
357.38516086,390.50186000
356.88182654,391.11229046
356.37599520,391.72065297
355.86761287,392.32688541
355.35694584,392.93119467
354.84401959,393.53358748
354.32864256,394.13388481
353.81069683,394.73196736
353.29035530,395.32796636
352.76785732,395.92207677
352.24285973,396.51397754
351.71552705,397.10380099
351.18632279,397.69194457
350.65470757,398.27790996
350.12084568,398.86182941
349.58495702,399.44388966
349.04682738,400.02387791
348.50623260,400.60156969
347.96377113,401.17750873
347.41955577,401.75179131
346.87307984,402.32392212
346.32411551,402.89366682
345.77316087,403.46148647
345.22043520,404.02758254
344.66567176,404.59168168
344.10869986,405.15360011
343.54979528,405.71359674
342.98927840,406.27197970
342.42653251,406.82811461
341.86197554,407.38241363
341.29561242,407.93486435
340.72707257,408.48507631
340.15696663,409.03366487
339.58522345,409.58054731
339.01138880,410.12523372
338.43556554,410.66781869
337.85826902,411.20883509
337.27930058,411.74806221
336.69839474,412.28520151
336.11560944,412.82030098
335.53123721,413.35366723
334.94533240,413.88534932
334.35734590,414.41472820
333.76741834,414.94194312
333.17594940,415.46742918
332.58277049,415.99098276
331.98739863,416.51204168
331.39069027,417.03157075
330.79232159,417.54918441
330.19207377,418.06461982
329.59015661,418.57810377
328.98643076,419.08946016
328.38095845,419.59874751
327.77377829,420.10599765
327.16476975,420.61105090
326.55383051,421.11376719
325.94117971,421.61439579
325.32716278,422.11334860
324.71151079,422.61028177
324.09386684,423.10473740
323.47435483,423.59685036
322.85330130,424.08701675
322.23050566,424.57496707
321.60592372,425.06062938
320.97970659,425.54418129
320.35184783,426.02559981
319.72214237,426.50459975
319.09076626,426.98139655
318.45772977,427.45598529
317.82297742,427.92827768
317.18663447,428.39842473
316.54842330,428.86603137
315.90862581,429.33146727
315.26723557,429.79470385
314.62397621,430.25534256
313.97910430,430.71372048
313.33279614,431.17007201
312.68467862,431.62384876
312.03459625,432.07480729
311.38297009,432.52353160
310.73009155,432.97043264
310.07536826,433.41462495
309.41878938,433.85607151
308.76073741,434.29531864
308.10118133,434.73230406
307.43967960,435.16633763
306.77663323,435.59800944
306.11218293,436.02751631
305.44599824,436.45432784
304.77799213,436.87828297
304.10879293,437.30035343
303.43805846,437.71997848
302.76535305,438.13643724
302.09082158,438.54993197
301.41494040,438.96121618
300.73780832,439.37043866
300.05905960,439.77697247
299.37858340,440.18060983
298.69659611,440.58168785
298.01307908,440.98015359
297.32798423,441.37589999
296.64141384,441.76908149
295.95342856,442.15978154
295.26393657,442.54781663
294.57287377,442.93304716
293.88034458,443.31563526
293.18650800,443.69584721
292.49136981,444.07367437
291.79468645,444.44864514
291.09622869,444.82029842
290.39654729,445.18964577
289.69575038,445.55686944
288.99353952,445.92138349
288.28993792,446.28320531
287.58503870,446.64249331
286.87870687,446.99895534
286.17095428,447.35258939
285.46191598,447.70363776
284.75152456,448.05194038
284.03975732,448.39742057
283.32695656,448.74076816
282.61288328,449.08145513
281.89710684,449.41855340
281.18034944,449.75355990
280.46253706,450.08629984
279.74334313,450.41604153
279.02288766,450.74302004
278.30151982,451.06797932
277.57888500,451.39011234
276.85480075,451.70897182
276.12962983,452.02535567
275.40353231,452.33960380
274.67610842,452.65077084
273.94749356,452.95913944
273.21770047,453.26470793
272.48672939,453.56744827
271.75469004,453.86759607
271.02170698,454.16543152
270.28772358,454.46079467
269.55253034,454.75313011
268.81627618,455.04278714
268.07917856,455.33028846
267.34088845,455.61471445
266.60141245,455.89604248
265.86095325,456.17477362
265.11957675,456.45105346
264.37724743,456.72476408
263.63405793,456.99613292
262.88961162,457.26402767
262.14417572,457.52916524
261.39799396,457.79218955
260.65076930,458.05223902
259.90272738,458.30992909
259.15378607,458.56499109
258.40387375,458.81718587
257.65302043,459.06656427
256.90122489,459.31308792
256.14853877,459.55687775
255.39515210,459.79849596
254.64100545,460.03772980
253.88586126,460.27379711
253.12974100,460.50671812
252.37295559,460.73747022
251.61550633,460.96603215
250.85723891,461.19186620
250.09806909,461.41464776
249.33801923,461.63440733
248.57732101,461.85191276
247.81601114,462.06726804
247.05392559,462.27985995
246.29101409,462.48946998
245.52753968,462.69702258
244.76328255,462.90166789
243.99828691,463.10354230
243.23268580,463.30310349
242.46633988,463.49978698
241.69927031,463.69362827
240.93160749,463.88510717
240.16341491,464.07444888
239.39465124,464.26145873
238.62524069,464.44578972
237.85514231,464.62722317
237.08446172,464.80617302
236.31315524,464.98239781
235.54120959,465.15580678
234.76890949,465.32763091
233.99597833,465.49658583
233.22246467,465.66286632
232.44839082,465.82650682
231.67368663,465.98714310
230.89867532,466.14629352
230.12308574,466.30259096
229.34697113,466.45627236
228.57048177,466.60804136
227.79348253,466.75718101
227.01594726,466.90349904
226.23796089,467.04740126
225.45954255,467.18894523
224.68068440,467.32805101
223.90142252,467.46487643
223.12171806,467.59915570
222.34160426,467.73103804
221.56110578,467.86062273
220.78021153,467.98780146
219.99892166,468.11252680
219.21724259,468.23478855
218.43519592,468.35467780
217.65278515,468.47216566
216.87000928,468.58719705
216.08689470,468.69990057
215.30341300,468.81001822
214.51964901,468.91811514
213.73562078,469.02427290
212.95121832,469.12763277
212.16644516,469.22813731
211.38137108,469.32626624
210.59600545,469.42202991
209.81034066,469.51531030
209.02440250,469.60625729
208.23816852,469.69461367
207.45160557,469.77998413
206.66479687,469.86306832
205.87781102,469.94445096
205.09055561,470.02318774
204.30299048,470.09875864
203.51518157,470.17175169
202.72716607,470.24247276
201.93892826,470.31067438
201.15048220,470.37642271
200.36184908,470.43989418
199.57299565,470.50055562
198.78391750,470.55823116
197.99465993,470.61339113
197.20523770,470.66614166
196.41566506,470.71659466
195.62593184,470.76446602
194.83602460,470.80937462
194.04595976,470.85141992
193.25577913,470.89123112
192.46547759,470.92856545
191.67504096,470.96291501
190.88448346,470.99436909
190.09383964,471.02356534
189.30311046,471.05036556
188.51228392,471.07408224
187.72137780,471.09503476
186.93041317,471.11360046
186.13937952,471.12896134
185.34829933,471.14171584
184.55718613,471.15220837
183.76604312,471.16014583
182.97487524,471.16502584
182.18369419,471.16670979
181.39251211,471.16561863
180.60133672,471.16217634
179.81017549,471.15633745
179.01904044,471.14763443
178.22794690,471.13574193
177.43690498,471.12081572
176.64591236,471.10346532
175.85497198,471.08387648
175.06411161,471.06127737
174.27336603,471.03501112
173.48268202,471.00686310
172.69210291,470.97602064
171.90168007,470.94132155
171.11135470,470.90449233
170.32118006,470.86458017
169.53114431,470.82197782
168.74124628,470.77691085
167.95153161,470.72873233
167.16202354,470.67728338
166.37267658,470.62340878
165.58351904,470.56684166
164.79457797,470.50732086
164.00583692,470.44521035
163.21730702,470.38047188
162.42903404,470.31267896
161.64104016,470.24171240
160.85332465,470.16772268
160.06587333,470.09097210
159.27866309,470.01178453
158.49175991,469.92960486
157.70519642,469.84423531
156.91892575,469.75620581
156.13293150,469.66574187
155.34737989,469.57151883
154.56218943,469.47432388
153.77725239,469.37510360
152.99265105,469.27326811
152.20855254,469.16762968
151.42480083,469.05943998
150.64143406,468.94851106
149.85847210,468.83474854
149.07588015,468.71847364
148.29377641,468.59895695
147.51217162,468.47622200
146.73097386,468.35091717
145.95021478,468.22291395
145.17001184,468.09155935
144.39026956,467.95750002
143.61094053,467.82105191
142.83220550,467.68126675
142.05407047,467.53816642
141.27631951,467.39299876
140.49917430,467.24462472
139.72261173,467.09322518
138.94661759,466.93894214
138.17126294,466.78147632
137.39652773,466.62099172
136.62224197,466.45834746
135.84862400,466.29256472
135.07573887,466.12339025
134.30342391,465.95163564
133.53168853,465.77729385
132.76066247,465.59984332
131.99031961,465.41944702
131.22064819,465.23620945
130.45171019,465.04991713
129.68346663,464.86078330
128.91581958,464.66923690
128.14899944,464.47441679
127.38300437,464.27636744
126.61756376,464.07619070
125.85296179,463.87283539
125.08912815,463.66660802
124.32606690,463.45754596
123.56380388,463.24558878
122.80222774,463.03117795
122.04139325,462.81414995
121.28138794,462.59423526
120.52228218,462.37123611
119.76404938,462.14528590
119.00655517,461.91687259
118.24977906,461.68608996
117.49390269,461.45237892
116.73899075,461.21557010
115.98487992,460.97622279
115.23144775,460.73474690
114.47898671,460.49026333
113.72753446,460.24269518
112.97689492,459.99267349
112.22700879,459.74040188
111.47813718,459.48513442
110.73027980,459.22690941
109.98335030,458.96601503
109.23716288,458.70300312
108.49168134,458.43799801
107.74745375,458.16949379
107.00418876,457.89833243
106.26168556,457.62509395
105.52016928,457.34918900
104.77977139,457.07029661
104.04002764,456.78967150
103.30126297,456.50648237
102.56373090,456.22009629
101.82716604,455.93123191
101.09134425,455.64047908
100.35677872,455.34657049
99.62322931,455.05013049
98.89041220,454.75188715
98.15856381,454.45127408
97.42795295,454.14766642
96.69830144,453.84175804
95.96966778,453.53343633
95.24209415,453.22261915
94.51538421,452.90978900
93.78967581,452.59464092
93.06526782,452.27651854
92.34183068,451.95618962
91.61922003,451.63400495
90.89787472,451.30899538
90.17751413,450.98180738
89.45839575,450.65190194
88.74047251,450.31940003
88.02346239,449.98493587
87.30741750,449.64840992
86.59236960,449.30976888
85.87871333,448.96820807
85.16643334,448.62378348
84.45513004,448.27734786
83.74480727,447.92890542
83.03585754,447.57767903
82.32830160,447.22365112
81.62207400,446.86698274
80.91714274,446.50775812
80.21328938,446.14642541
79.51082247,445.78240697
78.80960978,445.41597557
78.10952650,445.04739265
77.41092526,444.67600749
76.71404014,444.30141249
76.01864717,443.92405471
75.32435976,443.54466636
74.63116020,443.16329455
73.93951802,442.77910469
73.24966610,442.39171068
72.56128923,442.00169964
71.87434946,441.60916490
71.18906420,441.21374771
70.50535562,440.81561101
69.82309519,440.41499717
69.14239697,440.01173582
68.46329679,439.60578758
67.78580647,439.19715924
67.11014571,438.78551295
66.43599239,438.37140194
65.76330760,437.95490941
65.09249410,437.53541074
64.42381432,437.11251810
63.75675947,436.68706792
63.09105989,436.25949839
62.42723744,435.82902367
61.76557439,435.39523375
61.10565244,434.95880116
60.44761521,434.51953242
59.79135299,434.07761539
59.13682250,433.63313774
58.48424780,433.18579373
57.83388431,432.73524074
57.18555669,432.28176351
56.53899247,431.82577490
55.89430048,431.36714387
55.25180715,430.90543720
54.61152453,430.44066998
53.97319684,429.97322100
53.33683243,429.50310332
52.70258676,429.03013068
52.07058357,428.55416578
51.44088677,428.07515388
50.81335044,427.59331481
50.18793940,427.10872058
49.56469770,426.62133967
48.94355124,426.13129122
48.32431424,425.63883142
47.70729298,425.14360018
47.09242209,424.64569871
46.47972978,424.14512137
45.86949709,423.64154774
45.26089029,423.13600954
44.65412628,422.62826218
44.04967083,422.11776823
43.44754403,421.60452949
42.84747935,421.08888146
42.24939687,420.57093628
41.65303039,420.05101515
41.05849238,419.52900511
40.46617319,419.00447810
39.87601604,418.47752012
39.28774100,417.94846116
38.70151042,417.41713876
38.11739351,416.88349274
37.53508243,416.34787722
36.95444348,415.81044914
36.37574839,415.27092917
35.79898956,414.72933883
35.22410458,414.18576064
34.65118773,413.64010822
34.08010199,413.09253910
33.51110199,412.54280428
32.94388365,411.99122994
32.37808653,411.43819865
31.81412533,410.88329477
31.25237155,410.32615710
30.69237793,409.76724915
30.13395183,409.20677609
29.57728968,408.64455051
29.02232678,408.08064769
28.46902999,407.51511003
27.91741513,406.94793169
27.36751518,406.37909056
26.81933685,405.80859014
26.27284985,405.23646941
25.72809337,404.66270042
25.18512494,404.08723986
24.64357281,403.51044527
24.10316111,402.93258259
23.56480729,402.35280270
23.02811979,401.77147874
22.49295650,401.18875245
21.95948352,400.60447781
21.42748412,400.01886136
20.89668493,399.43215635
20.36757689,398.84392659
19.84023987,398.25410787
19.31421962,397.66311486
18.78934404,397.07110494
18.26604981,396.47769670
17.74456402,395.88269876
17.22459815,395.28637191
16.70568493,394.68912902
16.18779824,394.09099558
15.67144975,393.49153417
15.15666723,392.89072678
14.64333314,392.28868206
14.13125947,391.68556463
13.61993809,391.08180895
13.11020631,390.47671148
12.60207091,389.87027214
12.09471501,389.26318048
11.58805796,388.65550551
11.08344513,388.04613305
10.57963289,387.43609640
10.07675472,386.82529183
9.57553333,386.21312533
9.07513146,385.60028939
8.57549970,384.98682538
8.07688520,384.37253433
7.57933351,383.75738195
7.08278219,383.14142194
6.58724485,382.52464592
6.09240238,381.90731200
5.59850908,381.28921892
5.10559588,380.67034349
4.61341020,380.05088955
4.12219081,379.43066901
3.63188478,378.80972631
3.14212980,378.18834854
2.65308721,377.56641044
2.16514291,376.94360998
1.67762894,376.32047257
1.19079540,375.69680370
0.70468636,375.07256971
0.21908685,374.44793939
-0.26593180,373.82285788
-0.75005699,373.19708415
-1.23334282,372.57066196
-1.71647307,371.94411978
-2.19962770,371.31759645
-2.68190537,370.69039772
-3.16341955,370.06261268
-3.64468002,369.43463314
-4.12569570,368.80646607
-4.60603780,368.17778378
-5.08569731,367.54858059
-5.56547932,366.91947068
-6.04488036,366.29007073
-6.52380982,365.66031153
-7.00286795,365.03065034
-7.48146114,364.40063569
-7.95967481,363.77033286
-8.43786293,363.14001069
-8.91601081,362.50965799
-9.39378963,361.87902550
-9.87128331,361.24817709
-10.34874298,360.61730294
-10.82621538,359.98643843
-11.30369333,359.35557812
-11.78123848,358.72476867
-12.25861597,358.09383234
-12.73573001,357.46269673
-13.21292778,356.83162452
-13.69052603,356.20085523
-14.16812733,355.57008821
-14.64498512,354.93875913
-15.12184040,354.30742801
-15.59924062,353.67650880
-16.07666546,353.04560832
-16.55356718,352.41431232
-17.03025707,351.78285625
-17.50725706,351.15163451
-17.98435470,350.52048656
-18.46102329,349.88901447
-18.93775365,349.25758902
-19.41437811,348.62608364
-19.89079071,347.99441841
-20.36711442,347.36268614
-20.84336474,346.73089855
-21.31933036,346.09889647
-21.79531734,345.46691042
-22.27118933,344.83483787
-22.74675102,344.20253174
-23.22234173,343.57024746
-23.69779819,342.93786224
-24.17303571,342.30531245
-24.64821121,341.67271609
-25.12339797,341.04012817
-25.59824309,340.40728370
-26.07239901,339.77392282
-26.54651515,339.14053210
-27.02097613,338.50739960
-27.49529744,337.87416250
-27.96903026,337.24048504
-28.44232449,336.60647988
-28.91558444,335.97244917
-29.38881762,335.33839849
-29.86168771,334.70407695
-30.33431955,334.06957787
-30.80673289,333.43491610
-31.27890223,332.80007277
-31.75080351,332.16503016
-32.22241544,331.52977264
-32.69377677,330.89432917
-33.16493979,330.25873858
-33.63569484,329.62284587
-34.10590403,328.98654932
-34.57584282,328.35005307
-35.04556845,327.71339951
-35.51504433,327.07656175
-35.98424557,326.43952162
-36.45318813,325.80229105
-36.92190496,325.16489442
-37.39038228,324.52732172
-37.85845365,323.88945094
-38.32595921,323.25116535
-38.79292093,322.61248179
-39.25954518,321.97355163
-39.72598417,321.33448622
-40.19217918,320.69524279
-40.65793352,320.05567824
-41.12315278,319.41572435
-41.58806937,318.77555055
-42.05291698,318.13532661
-42.51734886,317.49480114
-42.98096821,316.85368718
-43.44403335,316.21217288
-43.90702546,315.57060585
-44.37005256,314.92906411
-44.83297821,314.28744909
-45.29550530,313.64554676
-45.75740049,313.00318958
-46.21925429,312.36080262
-46.68102822,311.71835822
-47.14231764,311.07556592
-47.60306903,310.43238777
-48.06380485,309.78919850
-48.52491268,309.14627581
-48.98567398,308.50310499
-49.44592501,307.85956862
-49.90631243,307.21612994
-50.36621152,306.57234216
-50.82579715,305.92833047
-51.28555523,305.28444198
-51.74541556,304.64062648
-52.20489856,303.99654162
-52.66439235,303.35246445
-53.12402041,302.70848310
-53.58350962,302.06440270
-54.04269683,301.42010692
-54.50183502,300.77577622
-54.96099549,300.13146141
-55.42011039,299.48711408
-55.87943780,298.84291830
-56.33901243,298.19889881
-56.79814384,297.55456329
-57.25741667,296.91032856
-57.71698756,296.26630639
-58.17657714,295.62229760
-58.63605653,294.97821017
-59.09563195,294.33419124
-59.55548269,293.69036891
-60.01537803,293.04657840
-60.47528485,292.40279612
-60.93553016,291.75925576
-61.39590874,291.11581073
-61.85617217,290.47228337
-62.31641795,289.82874331
-62.77701550,289.18545505
-63.23819666,288.54258501
-63.69964296,287.89990526
-64.16095213,287.25712705
-64.62247003,286.61449884
-65.08460961,285.97231738
-65.54687838,285.33022898
-66.00908345,284.68809472
-66.47152885,284.04613355
-66.93446328,283.40452486
-67.39795458,282.76331838
-67.86205041,282.12254934
-68.32612075,281.48176179
-68.79033298,280.84107708
-69.25506240,280.20076737
-69.72018177,279.56074088
-70.18547178,278.92083843
-70.65103241,278.28113287
-71.11688159,277.64163736
-71.58300889,277.00234459
-72.04940643,276.36324892
-72.51577022,275.72412863
-72.98225055,275.08509341
-73.44894050,274.44621124
-73.91572479,273.80739800
-74.38260054,273.16865160
-74.84980844,272.53014804
-75.31660692,271.89134534
-75.78290837,271.25217946
-76.24929294,270.61307436
-76.71569114,269.97397918
-77.18213614,269.33491817
-77.64856444,268.69584492
-78.11465717,268.05652696
-78.58008537,267.41672498
-79.04498167,266.77653644
-79.50981418,266.13630161
-79.97471472,265.49611610
-80.43928623,264.85569188
-80.90307818,264.21470279
-81.36633309,263.57332554
-81.82931887,262.93175378
-82.29164226,262.28970494
-82.75331075,261.64718466
-83.21490335,261.00460997
-83.67532468,260.36119519
-84.13516303,259.71736612
-84.59469055,259.07330744
-85.05340962,258.42868350
-85.51117308,257.78339666
-85.96780545,257.13704193
-86.42323220,256.48946110
-86.87743651,255.84065689
-87.33040194,255.19063308
-87.78211207,254.53939344
-88.23255045,253.88694176
-88.68170066,253.23328181
-89.12954625,252.57841737
-89.57607078,251.92235221
-90.02125783,251.26509012
-90.46509095,250.60663486
-90.90755372,249.94699022
-91.34862969,249.28615998
-91.78830242,248.62414791
-92.22655549,247.96095778
-92.66337246,247.29659339
-93.09873689,246.63105850
-93.53263234,245.96435688
-93.96504239,245.29649233
-94.39595058,244.62746861
-94.82534050,243.95728950
-95.25319569,243.28595879
-95.67949974,242.61348024
-96.10423619,241.93985764
-96.52738862,241.26509475
-96.94894058,240.58919537
-97.36887565,239.91216326
-97.78717738,239.23400221
-98.20382935,238.55471598
-98.61881511,237.87430837
-99.03211823,237.19278314
-99.44372227,236.51014407
-99.85361080,235.82639494
-100.26176738,235.14153953
-100.66817558,234.45558162
-101.07281895,233.76852497
-101.47568107,233.08037338
-101.87674550,232.39113061
-102.27599580,231.70080044
-102.67341554,231.00938666
-103.06898827,230.31689303
-103.46269758,229.62332334
-103.85452701,228.92868136
-104.24446013,228.23297087
-104.63248051,227.53619565
-105.01857171,226.83835947
-105.40271730,226.13946612
-105.78490083,225.43951936
-106.16510588,224.73852298
-106.54331601,224.03648075
-106.91951478,223.33339646
-107.29368575,222.62927387
-107.66581249,221.92411676
-108.03587857,221.21792892
-108.40386755,220.51071412
-108.76976299,219.80247614
-109.13354846,219.09321875
-109.49520751,218.38294573
-109.85472372,217.67166086
-110.21208065,216.95936792
-110.56726187,216.24607068
-110.92025093,215.53177292
-111.27103140,214.81647842
-111.61958685,214.10019095
-111.96590084,213.38291430
-112.30995693,212.66465224
-112.65173869,211.94540854
-112.99122968,211.22518699
-113.32841347,210.50399136
-113.66327362,209.78182543
-113.99579369,209.05869297
-114.32595725,208.33459777
-114.65374787,207.60954360
-114.97914910,206.88353424
-115.30214451,206.15657346
-115.62271767,205.42866505
-115.94085213,204.69981277
-116.25653147,203.97002041
-116.56973925,203.23929175
-116.88045903,202.50763055
-117.18867438,201.77504061
-117.49436885,201.04152569
-117.79752602,200.30708958
-118.09812945,199.57173604
-118.39616270,198.83546887
-118.69160934,198.09829183
-118.98445292,197.36020870
-119.27467703,196.62122326
-119.56226521,195.88133929
-119.84720103,195.14056056
-120.12946806,194.39889086
-120.40904987,193.65633395
-120.68593001,192.91289362
-120.96009204,192.16857364
-121.23151955,191.42337780
-121.50019608,190.67730986
-121.76610520,189.93037361
-122.02923048,189.18257281
-122.28955547,188.43391126
-122.54706376,187.68439273
-122.80173889,186.93402099
-123.05356443,186.18279982
-123.30252395,185.43073300
-123.54860102,184.67782431
-123.79177918,183.92407752
-124.03204202,183.16949641
-124.26937309,182.41408475
-124.50375596,181.65784634
-124.73517419,180.90078493
-124.96361134,180.14290432
-125.18905099,179.38420827
-125.41147669,178.62470057
-125.63087200,177.86438499
-125.84722050,177.10326530
-126.06052252,176.34134934
-126.27147102,175.57881179
-126.48117136,174.81592498
-126.68947637,174.05265597
-126.89659348,173.28906435
-127.10279189,172.52522385
-127.30809133,171.76114133
-127.51229534,170.99676526
-127.71520170,170.23204383
-127.91722732,169.46708912
-128.11872792,168.70199604
-128.31968981,167.93676126
-128.52004852,167.17136836
-128.71989909,166.40584251
-128.91894211,165.64010650
-129.11738796,164.87421534
-129.31587753,164.10833558
-129.51425720,163.34242732
-129.71209308,162.57637846
-129.90933615,161.81017667
-130.10661053,161.04398305
-130.30441586,160.27792626
-130.50190983,159.51178917
-130.69913331,158.74558235
-130.89664450,157.97944974
-131.09466676,157.21344897
-131.29297222,156.44752151
-131.49174450,155.68171508
-131.69096341,154.91602468
-131.89065008,154.15045615
-132.09091646,153.38503907
-132.29175089,152.61977085
-132.49305170,151.85462505
-132.69539403,151.08975423
-132.89894297,150.32520352
-133.10322797,149.56084912
-133.30803600,148.79663409
-133.51352557,148.03260821
-133.71977962,147.26879700
-133.92678556,146.50519694
-134.13452974,145.74180419
-134.34299854,144.97861490
-134.55217833,144.21562524
-134.76205546,143.45283136
-134.97261631,142.69022944
-135.18384725,141.92781563
-135.39573463,141.16558608
-135.60826484,140.40353697
-135.82142422,139.64166445
-136.03519916,138.87996468
-136.24957601,138.11843383
-136.46454115,137.35706805
-136.68008094,136.59586351
-136.89618174,135.83481636
-137.11282993,135.07392276
-137.33001187,134.31317889
-137.54771393,133.55258089
-137.76592247,132.79212493
-137.98462386,132.03180717
-138.20380447,131.27162377
-138.42345067,130.51157089
-138.64354881,129.75164469
-138.86408528,128.99184133
-139.08504642,128.23215698
-139.30641862,127.47258778
-139.52818824,126.71312992
-139.75034164,125.95377953
-139.97286519,125.19453280
-140.19574526,124.43538586
-140.41896821,123.67633490
-140.64252042,122.91737606
-140.86638824,122.15850552
-141.09055805,121.39971942
-141.31501621,120.64101393
-141.53974909,119.88238521
-141.76474305,119.12382942
-141.98998446,118.36534272
-142.21545970,117.60692128
-142.44115512,116.84856125
-142.66705708,116.09025879
-142.89315197,115.33201007
-143.11942614,114.57381124
-143.34586597,113.81565847
-143.57245781,113.05754792
-143.79918804,112.29947574
-144.02604302,111.54143810
-144.25300912,110.78343116
-144.48007271,110.02545108
-144.70722014,109.26749403
-144.93443780,108.50955615
-145.16171204,107.75163361
-145.38902923,106.99372258
-145.61637574,106.23581921
-145.84373794,105.47791966
-146.07110219,104.72002010
-146.29845486,103.96211668
-146.52578232,103.20420557
-146.75307092,102.44628292
-146.98030705,101.68834491
-147.20747706,100.93038768
-147.43456733,100.17240740
-147.66156421,99.41440023
-147.88845408,98.65636233
-148.11522330,97.89828986
-148.34185825,97.14017898
-148.56834528,96.38202586
-148.79467076,95.62382664
-149.02082106,94.86557751
-149.24678255,94.10727460
-149.47254159,93.34891409
-149.69808455,92.59049214
-149.92339779,91.83200491
-150.14846769,91.07344855
-150.37328061,90.31481923
-150.59782292,89.55611311
-150.82208098,88.79732634
-151.04604116,88.03845510
-151.26968982,87.27949554
-151.49301334,86.52044382
-151.71599808,85.76129610
-151.93863041,85.00204855
-152.16089668,84.24269732
-152.38278328,83.48323857
-152.60427657,82.72366847
-152.82536291,81.96398318
-153.04602867,81.20417885
-153.26626022,80.44425165
-153.48604392,79.68419773
-153.70536614,78.92401327
-153.92421325,78.16369441
-154.14257161,77.40323733
-154.36042760,76.64263818
-154.57776757,75.88189311
-154.79457789,75.12099830
-155.01084494,74.35994991
-155.22655507,73.59874408
-155.44169466,72.83737699
-155.65625007,72.07584480
-155.87020766,71.31414366
-156.08355655,70.55227051
-156.29649009,69.79028006
-156.50942900,69.02829124
-156.72240850,68.26631380
-156.93529536,67.50431043
-157.14823941,66.74232307
-157.36153927,65.98043521
-157.57511718,65.21862526
-157.78865151,64.45680309
-158.00204556,63.69494160
-158.21561516,62.93312934
-158.42962036,62.17143930
-158.64364536,61.40975484
-158.85773216,60.64808771
-159.07224598,59.88654080
-159.28725496,59.12513348
-159.50240345,58.36376560
-159.71761269,57.60241489
-159.93305624,56.84113044
-160.14885582,56.07994685
-160.36501104,55.31886416
-160.58153383,54.55788595
-160.79855287,53.79704914
-161.01596255,53.03632384
-161.23348201,52.27562995
-161.45104021,51.51494712
-161.66903034,50.75438793
-161.88779000,49.99404980
-162.10711464,49.23387435
-162.32678155,48.47379781
-162.54680129,47.71382330
-162.76714765,46.95394343
-162.98787717,46.19417478
-163.20897254,45.43451250
-163.43024462,44.67490168
-163.65142590,43.91526442
-163.87248091,43.15559040
-164.09388384,42.39601773
-164.31576777,41.63658539
-164.53780875,40.87719898
-164.75967064,40.11776022
-164.98139518,39.35828134
-165.20316822,38.59881663
-165.42514107,37.83941030
-165.64716707,37.08001950
-165.86879746,36.32051314
-166.08996660,35.56087234
-166.31116956,34.80124143
-166.53266627,34.04169601
-166.75396024,33.28209160
-166.97432500,32.52221710
-167.19449203,31.76228520
-167.41504741,31.00246595
-167.63543610,30.24259845
-167.85480853,29.48243678
-168.07368222,28.72213140
-168.29245129,27.96179595
-168.51088354,27.20136363
-168.72854764,26.44071110
-168.94539679,25.67982583
-169.16185429,24.91882905
-169.37804492,24.15775642
-169.59378117,23.39655486
-169.80879514,22.63514896
-170.02299785,21.87351443
-170.23662023,21.11171699
-170.44987796,20.34981717
-170.66226616,19.58767485
-170.87334902,18.82516967
-171.08371372,18.06246615
-171.29345414,17.29959074
-171.50235170,16.53648407
-171.71020186,15.77309146
-171.91700588,15.00941477
-172.12298946,14.24551644
-172.32837987,13.48145826
-172.53271590,12.71711760
-172.73561429,11.95239395
-172.93741144,11.18737902
-173.13852032,10.42218256
-173.33800973,9.65656305
-173.53622675,8.89061230
-173.73375638,8.12448448
-173.93000718,7.35802789
-174.12482554,6.59120611
-174.31851820,5.82409882
-174.51080071,5.05663746
-174.70152754,4.28878750
-174.89128357,3.52069718
-175.07935800,2.75219351
-175.26560764,1.98324541
-175.45041441,1.21394923
-175.63427630,0.44442687
